{"dtype": "__main__/BlockElement", "data": {"geometry": {"dtype": "compas.datastructures/Mesh", "data": {"attributes": {}, "default_vertex_attributes": {"x": 0.0, "y": 0.0, "z": 0.0}, "default_edge_attributes": {}, "default_face_attributes": {}, "vertex": {"0": {"x": -1.1547005383792517, "y": -1.1547005383792517, "z": -1.1547005383792517}, "1": {"x": 1.1547005383792517, "y": -1.1547005383792517, "z": -1.1547005383792517}, "2": {"x": 1.1547005383792517, "y": 1.1547005383792517, "z": -1.1547005383792517}, "3": {"x": -1.1547005383792517, "y": 1.1547005383792517, "z": -1.1547005383792517}, "4": {"x": 1.1547005383792517, "y": 1.1547005383792517, "z": 1.1547005383792517}, "5": {"x": -1.1547005383792517, "y": 1.1547005383792517, "z": 1.1547005383792517}, "6": {"x": -1.1547005383792517, "y": -1.1547005383792517, "z": 1.1547005383792517}, "7": {"x": 1.1547005383792517, "y": -1.1547005383792517, "z": 1.1547005383792517}}, "face": {"0": [0, 3, 2, 1], "1": [0, 1, 7, 6], "2": [0, 6, 5, 3], "3": [4, 2, 3, 5], "4": [4, 7, 1, 2], "5": [4, 5, 6, 7]}, "facedata": {"0": {}, "1": {}, "2": {}, "3": {}, "4": {}, "5": {}}, "edgedata": {}, "max_vertex": 7, "max_face": 5}, "guid": "c5f55007-ee8b-4f6f-9c85-5febd2d13517"}, "frame": {"dtype": "compas.geometry/Frame", "data": {"point": [0.0, 0.0, 0.0], "xaxis": [1.0, 0.0, 0.0], "yaxis": [0.0, 1.0, 0.0]}, "guid": "dd1a197d-6760-4ef6-8a71-2b18923f125b"}, "name": "BlockElement", "is_support": false}, "guid": "64f11bb1-e631-4a49-9677-c9943b23f90f"}